PG,SG,SF,PF,C,G,F,UTIL
James Harden,Collin Sexton,Kevin Durant,D.J. Wilson,Montrezl Harrell,Ricky Rubio,Giannis Antetokounmpo,Onyeka Okongwu
Ricky Rubio,Will Barton,OG Anunoby,D.J. Wilson,Nikola Jokic,Collin Sexton,Giannis Antetokounmpo,Montrezl Harrell
Ricky Rubio,Collin Sexton,Anthony Edwards,D.J. Wilson,Nikola Jokic,,Kevin Durant,Montrezl Harrell
Luka Doncic,Collin Sexton,Kevin Durant,D.J. Wilson,Nikola Jokic,Ricky Rubio,Onyeka Okongwu,Greg Monroe
Tyrese Maxey,Collin Sexton,Anthony Edwards,D.J. Wilson,Nikola Jokic,Ricky Rubio,Giannis Antetokounmpo,Onyeka Okongwu
Luka Doncic,Collin Sexton,Pat Connaughton,D.J. Wilson,Montrezl Harrell,Dejounte Murray,Giannis Antetokounmpo,Ricky Rubio
Monte Morris,Collin Sexton,Harrison Barnes,D.J. Wilson,Nikola Jokic,Ricky Rubio,Giannis Antetokounmpo,Christian Wood
Tyrese Maxey,Collin Sexton,LeBron James,D.J. Wilson,Christian Wood,Ricky Rubio,Giannis Antetokounmpo,Montrezl Harrell
Dejounte Murray,Collin Sexton,Kevin Durant,D.J. Wilson,Greg Monroe,Ricky Rubio,Aaron Gordon,Giannis Antetokounmpo
Brandon Goodwin,Collin Sexton,Kevin Durant,D.J. Wilson,Nikola Jokic,Ricky Rubio,Giannis Antetokounmpo,Cameron Oliver
Luka Doncic,Collin Sexton,LeBron James,D.J. Wilson,Montrezl Harrell,Ricky Rubio,Kevin Durant,Cameron Oliver
James Harden,Collin Sexton,OG Anunoby,D.J. Wilson,Nikola Jokic,Tyrese Maxey,Harrison Barnes,Ricky Rubio
Dejounte Murray,Collin Sexton,Kevin Durant,Darius Bazley,Nikola Jokic,Monte Morris,D.J. Wilson,Ricky Rubio
Trae Young,Collin Sexton,Harrison Barnes,D.J. Wilson,Giannis Antetokounmpo,Dejounte Murray,Onyeka Okongwu,Ricky Rubio
Dejounte Murray,Collin Sexton,Kevin Durant,D.J. Wilson,Rudy Gobert,Ricky Rubio,John Collins,Montrezl Harrell
James Harden,Will Barton,Kevin Durant,D.J. Wilson,Christian Wood,Ricky Rubio,OG Anunoby,Collin Sexton
Dejounte Murray,Collin Sexton,OG Anunoby,D.J. Wilson,Nikola Jokic,Ricky Rubio,Onyeka Okongwu,Rudy Gobert
Tyrese Maxey,Collin Sexton,Kevin Durant,D.J. Wilson,Rudy Gobert,Monte Morris,Giannis Antetokounmpo,Ricky Rubio
James Harden,Collin Sexton,LeBron James,Darius Bazley,Montrezl Harrell,Dejounte Murray,D.J. Wilson,Ricky Rubio
Ricky Rubio,Will Barton,Kevin Durant,D.J. Wilson,Giannis Antetokounmpo,D'Angelo Russell,Harrison Barnes,Collin Sexton
James Harden,Collin Sexton,Harrison Barnes,D.J. Wilson,Rudy Gobert,Ricky Rubio,Giannis Antetokounmpo,Greg Monroe
Tyrese Maxey,Collin Sexton,Kevin Durant,Jae'Sean Tate,Nikola Jokic,Ricky Rubio,D.J. Wilson,Christian Wood
De'Aaron Fox,Collin Sexton,LeBron James,D.J. Wilson,Nikola Jokic,Ricky Rubio,Aaron Gordon,Montrezl Harrell
Trae Young,Collin Sexton,Aaron Gordon,D.J. Wilson,Rudy Gobert,Ricky Rubio,Giannis Antetokounmpo,Montrezl Harrell
Ricky Rubio,Collin Sexton,Anthony Edwards,Darius Bazley,Giannis Antetokounmpo,,D.J. Wilson,Kevin Durant
James Harden,Collin Sexton,Georges Niang,D.J. Wilson,Nikola Jokic,Ricky Rubio,Anthony Davis,Montrezl Harrell
Dejounte Murray,Davion Mitchell,Devin Vassell,D.J. Wilson,Nikola Jokic,Ricky Rubio,Giannis Antetokounmpo,Collin Sexton
James Harden,Collin Sexton,Anthony Edwards,D.J. Wilson,Montrezl Harrell,Trae Young,OG Anunoby,Ricky Rubio
James Harden,Collin Sexton,Kevin Durant,D.J. Wilson,Greg Monroe,Tyrese Maxey,Anthony Davis,Ricky Rubio
Tyrese Maxey,D'Angelo Russell,Kevin Durant,D.J. Wilson,Nikola Jokic,Ricky Rubio,Onyeka Okongwu,Montrezl Harrell
James Harden,Davion Mitchell,Kevin Durant,D.J. Wilson,Nikola Jokic,Ricky Rubio,Pat Connaughton,Collin Sexton
James Harden,Collin Sexton,Anthony Edwards,D.J. Wilson,Christian Wood,Ricky Rubio,Giannis Antetokounmpo,Cameron Oliver
James Harden,Will Barton,Anthony Edwards,Darius Bazley,Nikola Jokic,Ricky Rubio,D.J. Wilson,Collin Sexton
Dejounte Murray,Collin Sexton,Kevin Durant,D.J. Wilson,Christian Wood,Ricky Rubio,Anthony Davis,Onyeka Okongwu
Dejounte Murray,Collin Sexton,Tim Hardaway Jr.,DeMar DeRozan,Nikola Jokic,Ricky Rubio,D.J. Wilson,Montrezl Harrell
De'Aaron Fox,Will Barton,Kevin Durant,D.J. Wilson,Montrezl Harrell,Ricky Rubio,Giannis Antetokounmpo,Greg Monroe
James Harden,Collin Sexton,Garrison Mathews,D.J. Wilson,Nikola Jokic,Trae Young,Onyeka Okongwu,Ricky Rubio
Luka Doncic,Collin Sexton,OG Anunoby,D.J. Wilson,Christian Wood,Ricky Rubio,Giannis Antetokounmpo,Greg Monroe
Luka Doncic,Collin Sexton,OG Anunoby,D.J. Wilson,Rudy Gobert,Ricky Rubio,Anthony Davis,Montrezl Harrell
Ricky Rubio,Collin Sexton,Tim Hardaway Jr.,D.J. Wilson,Christian Wood,,Kevin Durant,Bobby Portis
Dejounte Murray,Will Barton,Anthony Edwards,D.J. Wilson,Nikola Jokic,Ricky Rubio,Onyeka Okongwu,Montrezl Harrell
Trae Young,Collin Sexton,Kevin Durant,Tobias Harris,Christian Wood,Ricky Rubio,D.J. Wilson,Montrezl Harrell
Ricky Rubio,Will Barton,Kevin Durant,D.J. Wilson,Karl-Anthony Towns,Collin Sexton,Anthony Davis,Montrezl Harrell
Luka Doncic,Collin Sexton,Kevin Durant,D.J. Wilson,Precious Achiuwa,Ricky Rubio,Devin Vassell,Giannis Antetokounmpo
Dejounte Murray,Will Barton,Tim Hardaway Jr.,D.J. Wilson,Rudy Gobert,Ricky Rubio,Giannis Antetokounmpo,Collin Sexton
De'Aaron Fox,Will Barton,Tim Hardaway Jr.,D.J. Wilson,Nikola Jokic,Ricky Rubio,Kevin Durant,Collin Sexton
Trae Young,Collin Sexton,OG Anunoby,Darius Bazley,Nikola Jokic,Ricky Rubio,D.J. Wilson,Christian Wood
Luka Doncic,Collin Sexton,Kevin Durant,D.J. Wilson,Rudy Gobert,Ricky Rubio,Harrison Barnes,Richaun Holmes
De'Aaron Fox,Collin Sexton,Bojan Bogdanovic,D.J. Wilson,Nikola Jokic,Ricky Rubio,Giannis Antetokounmpo,Greg Monroe
Ricky Rubio,D'Angelo Russell,Kevin Durant,D.J. Wilson,Nikola Jokic,Collin Sexton,OG Anunoby,Precious Achiuwa
Luka Doncic,Will Barton,Kevin Durant,D.J. Wilson,Rudy Gobert,Ricky Rubio,Onyeka Okongwu,Montrezl Harrell
Ricky Rubio,Collin Sexton,Garrison Mathews,D.J. Wilson,Nikola Jokic,Eric Gordon,Giannis Antetokounmpo,Rudy Gobert
Ricky Rubio,Will Barton,LeBron James,D.J. Wilson,Rudy Gobert,Collin Sexton,Kevin Durant,Greg Monroe
Luka Doncic,Davion Mitchell,LeBron James,D.J. Wilson,Giannis Antetokounmpo,Ricky Rubio,Onyeka Okongwu,Collin Sexton
Ricky Rubio,Will Barton,LeBron James,D.J. Wilson,Nikola Jokic,Collin Sexton,Onyeka Okongwu,Christian Wood
Trae Young,Collin Sexton,Kevin Durant,D.J. Wilson,Cameron Oliver,Dejounte Murray,OG Anunoby,Ricky Rubio
Luka Doncic,Collin Sexton,Aaron Gordon,Darius Bazley,Nikola Jokic,Ricky Rubio,D.J. Wilson,Rudy Gobert
James Harden,Collin Sexton,Eric Gordon,D.J. Wilson,Richaun Holmes,Dejounte Murray,Kevin Durant,Ricky Rubio
Mike Conley,Collin Sexton,Aaron Gordon,D.J. Wilson,Nikola Jokic,Ricky Rubio,Giannis Antetokounmpo,Jakob Poeltl
James Harden,Collin Sexton,Terence Davis,D.J. Wilson,Nikola Jokic,Dejounte Murray,Aaron Gordon,Ricky Rubio
De'Aaron Fox,Collin Sexton,Harrison Barnes,D.J. Wilson,Joel Embiid,Ricky Rubio,Giannis Antetokounmpo,Montrezl Harrell
De'Aaron Fox,Collin Sexton,Kevin Durant,D.J. Wilson,Jakob Poeltl,Ricky Rubio,Giannis Antetokounmpo,Richaun Holmes
Dejounte Murray,Will Barton,Harrison Barnes,D.J. Wilson,Nikola Jokic,Ricky Rubio,John Collins,Collin Sexton
James Harden,Collin Sexton,Eric Gordon,D.J. Wilson,Giannis Antetokounmpo,De'Aaron Fox,OG Anunoby,Ricky Rubio
Ricky Rubio,Will Barton,Anthony Edwards,D.J. Wilson,Joel Embiid,Collin Sexton,Giannis Antetokounmpo,Greg Monroe
Dejounte Murray,Collin Sexton,LeBron James,D.J. Wilson,Christian Wood,Ricky Rubio,OG Anunoby,Harrison Barnes
Ricky Rubio,D'Angelo Russell,Pat Connaughton,D.J. Wilson,Nikola Jokic,Collin Sexton,Giannis Antetokounmpo,Richaun Holmes
James Harden,Collin Sexton,Sekou Doumbouya,D.J. Wilson,Nikola Jokic,Ricky Rubio,Giannis Antetokounmpo,Hassan Whiteside
Luka Doncic,Collin Sexton,Bojan Bogdanovic,D.J. Wilson,Nikola Jokic,Ricky Rubio,John Collins,Montrezl Harrell
Luka Doncic,Brandon Knight,Terence Davis,D.J. Wilson,Nikola Jokic,Ricky Rubio,Giannis Antetokounmpo,Collin Sexton
Luka Doncic,Collin Sexton,Kevin Durant,D.J. Wilson,Christian Wood,De'Aaron Fox,Aaron Gordon,Ricky Rubio
James Harden,Collin Sexton,Kevin Durant,D.J. Wilson,Hassan Whiteside,Trae Young,Harrison Barnes,Ricky Rubio
Trae Young,Will Barton,Harrison Barnes,D.J. Wilson,Montrezl Harrell,Tyrese Maxey,Giannis Antetokounmpo,Ricky Rubio
Trae Young,Collin Sexton,OG Anunoby,D.J. Wilson,Jakob Poeltl,Tyrese Maxey,Giannis Antetokounmpo,Ricky Rubio
Dejounte Murray,Collin Sexton,LeBron James,D.J. Wilson,Cameron Oliver,Monte Morris,Giannis Antetokounmpo,Ricky Rubio
Dejounte Murray,Collin Sexton,Kevin Durant,D.J. Wilson,Joel Embiid,Ricky Rubio,Harrison Barnes,Precious Achiuwa
Trae Young,Collin Sexton,Eric Gordon,D.J. Wilson,Nikola Jokic,Ricky Rubio,Kevin Durant,Terence Davis
Dejounte Murray,Terence Davis,,D.J. Wilson,Montrezl Harrell,Monte Morris,Kevin Durant,Ricky Rubio
De'Aaron Fox,Collin Sexton,LeBron James,D.J. Wilson,Onyeka Okongwu,Ricky Rubio,Kevin Durant,Anthony Edwards
Luka Doncic,Collin Sexton,Harrison Barnes,DeMar DeRozan,Montrezl Harrell,Trae Young,D.J. Wilson,Ricky Rubio
Tyrese Maxey,Anthony Edwards,,D.J. Wilson,Montrezl Harrell,Ricky Rubio,Kevin Durant,Cameron Oliver
Dejounte Murray,Anthony Edwards,,D.J. Wilson,Montrezl Harrell,Ricky Rubio,Harrison Barnes,Greg Monroe
Trae Young,D'Angelo Russell,Kevin Durant,D.J. Wilson,Rudy Gobert,Ricky Rubio,Onyeka Okongwu,Collin Sexton
Luka Doncic,Collin Sexton,Eric Gordon,D.J. Wilson,Cameron Oliver,Trae Young,Giannis Antetokounmpo,Ricky Rubio
Luka Doncic,Collin Sexton,Eric Gordon,D.J. Wilson,Nikola Jokic,Ricky Rubio,OG Anunoby,Bobby Portis
Tyrese Maxey,Will Barton,Kevin Durant,D.J. Wilson,Nikola Jokic,Ricky Rubio,Harrison Barnes,Greg Monroe
Tyrese Maxey,Eric Gordon,,D.J. Wilson,Nikola Jokic,Ricky Rubio,Aaron Gordon,Montrezl Harrell
Trae Young,Collin Sexton,Grayson Allen,D.J. Wilson,Giannis Antetokounmpo,Ricky Rubio,Kevin Durant,Pat Connaughton
James Harden,Terence Davis,,D.J. Wilson,Christian Wood,Ricky Rubio,OG Anunoby,Montrezl Harrell
James Harden,Collin Sexton,Anthony Edwards,D.J. Wilson,Rudy Gobert,Goran Dragic,Kevin Durant,Ricky Rubio
Goran Dragic,Collin Sexton,Kevin Durant,D.J. Wilson,Nikola Jokic,Ricky Rubio,Anthony Davis,Richaun Holmes
Trae Young,Tim Hardaway Jr.,,D.J. Wilson,Montrezl Harrell,Dejounte Murray,Kevin Durant,Ricky Rubio
James Harden,Collin Sexton,Tim Hardaway Jr.,D.J. Wilson,Nikola Jokic,Ricky Rubio,Devin Vassell,Rudy Gobert
Luka Doncic,Collin Sexton,Harrison Barnes,D.J. Wilson,Bobby Portis,Ricky Rubio,Giannis Antetokounmpo,Jakob Poeltl
Trae Young,Will Barton,Bojan Bogdanovic,D.J. Wilson,Christian Wood,Ricky Rubio,Giannis Antetokounmpo,Collin Sexton
James Harden,Collin Sexton,Pat Connaughton,D.J. Wilson,Giannis Antetokounmpo,Monte Morris,Anthony Davis,Ricky Rubio
James Harden,Tyrese Haliburton,Harrison Barnes,D.J. Wilson,Nikola Jokic,Ricky Rubio,Onyeka Okongwu,Montrezl Harrell
Dejounte Murray,Will Barton,Kevin Durant,D.J. Wilson,Bobby Portis,Ricky Rubio,OG Anunoby,Montrezl Harrell
James Harden,Collin Sexton,Kevin Durant,D.J. Wilson,Joel Embiid,Ricky Rubio,Aaron Gordon,Cameron Oliver
James Harden,Collin Sexton,Harrison Barnes,D.J. Wilson,Joel Embiid,Ricky Rubio,Anthony Davis,Onyeka Okongwu
Dejounte Murray,Collin Sexton,OG Anunoby,D.J. Wilson,Giannis Antetokounmpo,Goran Dragic,Anthony Davis,Ricky Rubio
Ricky Rubio,D'Angelo Russell,Anthony Edwards,D.J. Wilson,Pascal Siakam,Collin Sexton,Giannis Antetokounmpo,Montrezl Harrell
Luka Doncic,Will Barton,Garrison Mathews,D.J. Wilson,Christian Wood,Ricky Rubio,Giannis Antetokounmpo,Montrezl Harrell
Trae Young,Collin Sexton,Harrison Barnes,Jae'Sean Tate,Nikola Jokic,De'Aaron Fox,D.J. Wilson,Ricky Rubio
James Harden,Collin Sexton,Eric Gordon,DeMar DeRozan,Nikola Jokic,Ricky Rubio,D.J. Wilson,Greg Monroe
Ricky Rubio,Davion Mitchell,Terence Davis,D.J. Wilson,Nikola Jokic,,Kevin Durant,Giannis Antetokounmpo
Patrick Beverley,Collin Sexton,Grayson Allen,D.J. Wilson,Nikola Jokic,Ricky Rubio,Kevin Durant,Rudy Gobert
Dejounte Murray,D'Angelo Russell,OG Anunoby,D.J. Wilson,Montrezl Harrell,Ricky Rubio,Giannis Antetokounmpo,Onyeka Okongwu
James Harden,Davion Mitchell,Kevin Durant,D.J. Wilson,Montrezl Harrell,Dejounte Murray,Aaron Gordon,Ricky Rubio
James Harden,Collin Sexton,LeBron James,D.J. Wilson,Rudy Gobert,Ricky Rubio,Onyeka Okongwu,Jakob Poeltl
Tyrese Maxey,Will Barton,Kevin Durant,D.J. Wilson,Giannis Antetokounmpo,Ricky Rubio,OG Anunoby,Onyeka Okongwu
Ricky Rubio,Will Barton,Pat Connaughton,D.J. Wilson,Nikola Jokic,Collin Sexton,Anthony Davis,Rudy Gobert
James Harden,Anthony Edwards,,D.J. Wilson,Christian Wood,Ricky Rubio,Kevin Durant,Greg Monroe
Dejounte Murray,D'Angelo Russell,Eric Gordon,D.J. Wilson,Christian Wood,Ricky Rubio,Giannis Antetokounmpo,Collin Sexton
Luka Doncic,Collin Sexton,Anthony Edwards,Jae'Sean Tate,Nikola Jokic,Monte Morris,D.J. Wilson,Ricky Rubio
Tyrese Maxey,Collin Sexton,Kevin Durant,D.J. Wilson,Joel Embiid,Ricky Rubio,Onyeka Okongwu,Karl-Anthony Towns
Luka Doncic,Eric Gordon,,D.J. Wilson,Montrezl Harrell,Ricky Rubio,OG Anunoby,Harrison Barnes
Ricky Rubio,Tyrese Haliburton,LeBron James,D.J. Wilson,Nikola Jokic,Collin Sexton,Harrison Barnes,Greg Monroe
Dejounte Murray,Collin Sexton,Grayson Allen,Kevin Durant,Nikola Jokic,Ricky Rubio,Onyeka Okongwu,Montrezl Harrell
Ricky Rubio,Davion Mitchell,Anthony Edwards,D.J. Wilson,Nikola Jokic,,Pat Connaughton,Montrezl Harrell
James Harden,Collin Sexton,Garrison Mathews,D.J. Wilson,Andre Drummond,Dejounte Murray,Giannis Antetokounmpo,Ricky Rubio
Luka Doncic,Collin Sexton,Anthony Edwards,D.J. Wilson,Joel Embiid,Ricky Rubio,Onyeka Okongwu,Christian Wood
Ricky Rubio,Collin Sexton,LeBron James,D.J. Wilson,Precious Achiuwa,Anthony Edwards,Harrison Barnes,Giannis Antetokounmpo
Dejounte Murray,Collin Sexton,Aaron Gordon,D.J. Wilson,Joel Embiid,Ricky Rubio,Anthony Davis,Montrezl Harrell
James Harden,Will Barton,Aaron Gordon,D.J. Wilson,Giannis Antetokounmpo,Ricky Rubio,John Collins,Collin Sexton
Dejounte Murray,Collin Sexton,Anthony Edwards,D.J. Wilson,Nikola Jokic,Ricky Rubio,Daniel Theis,Christian Wood
Luka Doncic,Collin Sexton,Grayson Allen,Royce O'Neale,Nikola Jokic,Dejounte Murray,D.J. Wilson,Ricky Rubio
Luka Doncic,Collin Sexton,Kevin Durant,Darius Bazley,Brook Lopez,James Harden,D.J. Wilson,Ricky Rubio
Trae Young,Collin Sexton,Grayson Allen,D.J. Wilson,Nikola Jokic,Ricky Rubio,Anthony Davis,Greg Monroe
Dejounte Murray,Collin Sexton,Anthony Edwards,Jae'Sean Tate,Jakob Poeltl,Ricky Rubio,D.J. Wilson,Giannis Antetokounmpo
James Harden,D'Angelo Russell,Harrison Barnes,D.J. Wilson,Montrezl Harrell,Ricky Rubio,Giannis Antetokounmpo,Precious Achiuwa
Trae Young,Collin Sexton,LeBron James,D.J. Wilson,Montrezl Harrell,Ricky Rubio,Anthony Davis,Onyeka Okongwu
Luka Doncic,Brandon Knight,Kevin Durant,D.J. Wilson,Montrezl Harrell,Ricky Rubio,Giannis Antetokounmpo,Davion Mitchell
Dejounte Murray,Collin Sexton,Anthony Edwards,D.J. Wilson,Bobby Portis,Tyrese Maxey,Kevin Durant,Ricky Rubio
Ricky Rubio,Will Barton,LeBron James,Darius Bazley,Christian Wood,,D.J. Wilson,Montrezl Harrell
Mike Conley,Grayson Allen,,D.J. Wilson,Nikola Jokic,Ricky Rubio,Harrison Barnes,Montrezl Harrell
James Harden,Tim Hardaway Jr.,,D.J. Wilson,Christian Wood,Ricky Rubio,Kevin Durant,Montrezl Harrell
Mike Conley,Brandon Knight,Kevin Durant,D.J. Wilson,Giannis Antetokounmpo,Ricky Rubio,Anthony Davis,Collin Sexton
Ricky Rubio,Brandon Knight,Kevin Durant,D.J. Wilson,Nikola Jokic,Collin Sexton,Aaron Gordon,Karl-Anthony Towns
James Harden,Will Barton,Eric Gordon,D.J. Wilson,Bobby Portis,Ricky Rubio,Giannis Antetokounmpo,Montrezl Harrell
Luka Doncic,Gary Trent Jr.,OG Anunoby,D.J. Wilson,Nikola Jokic,Ricky Rubio,Onyeka Okongwu,Montrezl Harrell
Goran Dragic,Collin Sexton,Eric Gordon,D.J. Wilson,Joel Embiid,Ricky Rubio,Kevin Durant,Giannis Antetokounmpo
Tyrese Maxey,Collin Sexton,LeBron James,D.J. Wilson,John Collins,Ricky Rubio,Kevin Durant,Harrison Barnes
Brandon Goodwin,Tim Hardaway Jr.,,D.J. Wilson,Rudy Gobert,Ricky Rubio,Kevin Durant,Montrezl Harrell
James Harden,D'Angelo Russell,LeBron James,D.J. Wilson,Greg Monroe,Ricky Rubio,OG Anunoby,Collin Sexton
Ricky Rubio,Collin Sexton,LeBron James,Royce O'Neale,Giannis Antetokounmpo,Terence Davis,D.J. Wilson,Kevin Durant
Luka Doncic,Anthony Edwards,,D.J. Wilson,Montrezl Harrell,Ricky Rubio,Aaron Gordon,Giannis Antetokounmpo
James Harden,Will Barton,Anthony Edwards,D.J. Wilson,Montrezl Harrell,Ricky Rubio,Kevin Durant,Pat Connaughton
James Harden,Tyrese Haliburton,Kevin Durant,D.J. Wilson,Montrezl Harrell,Ricky Rubio,OG Anunoby,Greg Monroe
Ricky Rubio,Will Barton,Bojan Bogdanovic,D.J. Wilson,Nikola Jokic,,Kevin Durant,Montrezl Harrell
Patrick Beverley,Eric Gordon,,D.J. Wilson,Christian Wood,Ricky Rubio,Kevin Durant,Montrezl Harrell
Luka Doncic,Grayson Allen,,D.J. Wilson,Christian Wood,Ricky Rubio,Kevin Durant,Montrezl Harrell
Trae Young,Collin Sexton,Georges Niang,D.J. Wilson,Nikola Jokic,Goran Dragic,Giannis Antetokounmpo,Ricky Rubio
James Harden,Collin Sexton,LeBron James,D.J. Wilson,Precious Achiuwa,Ricky Rubio,Kevin Durant,Grayson Allen
Dejounte Murray,D'Angelo Russell,Harrison Barnes,Darius Bazley,Nikola Jokic,Ricky Rubio,D.J. Wilson,Montrezl Harrell
Luka Doncic,Collin Sexton,Aaron Gordon,D.J. Wilson,Giannis Antetokounmpo,Brandon Goodwin,Anthony Davis,Ricky Rubio
Luka Doncic,Collin Sexton,OG Anunoby,D.J. Wilson,Nikola Vucevic,James Harden,Onyeka Okongwu,Ricky Rubio
Monte Morris,Tim Hardaway Jr.,,D.J. Wilson,Nikola Jokic,Ricky Rubio,Kevin Durant,Montrezl Harrell
Dejounte Murray,Anthony Edwards,Garrison Mathews,D.J. Wilson,Christian Wood,Ricky Rubio,Kevin Durant,Montrezl Harrell
Ricky Rubio,D'Angelo Russell,Aaron Gordon,Giannis Antetokounmpo,Nikola Jokic,Collin Sexton,Onyeka Okongwu,Montrezl Harrell
Luka Doncic,Collin Sexton,Anthony Edwards,D.J. Wilson,Richaun Holmes,Dejounte Murray,OG Anunoby,Ricky Rubio
James Harden,Collin Sexton,Terence Davis,Darius Bazley,Joel Embiid,Ricky Rubio,D.J. Wilson,Giannis Antetokounmpo
Tyrese Maxey,Collin Sexton,Kevin Durant,Harrison Barnes,Bobby Portis,Ricky Rubio,Giannis Antetokounmpo,Montrezl Harrell
Dejounte Murray,Collin Sexton,De'Andre Hunter,D.J. Wilson,Nikola Jokic,Tyrese Maxey,Anthony Davis,Ricky Rubio
Luka Doncic,Collin Sexton,Kevin Durant,D.J. Wilson,Jusuf Nurkic,Tyrese Maxey,OG Anunoby,Ricky Rubio
Ricky Rubio,CJ McCollum,Tim Hardaway Jr.,D.J. Wilson,Nikola Jokic,Collin Sexton,Giannis Antetokounmpo,Precious Achiuwa
Ricky Rubio,Will Barton,Tim Hardaway Jr.,D.J. Wilson,Nikola Jokic,,Harrison Barnes,Giannis Antetokounmpo
Luka Doncic,Will Barton,OG Anunoby,D.J. Wilson,Montrezl Harrell,James Harden,Aaron Gordon,Ricky Rubio
De'Aaron Fox,Collin Sexton,Talen Horton-Tucker,D.J. Wilson,Nikola Jokic,Ricky Rubio,Anthony Davis,Christian Wood
Dejounte Murray,Will Barton,Harrison Barnes,Darius Bazley,Christian Wood,Ricky Rubio,D.J. Wilson,Giannis Antetokounmpo
Dejounte Murray,Eric Gordon,,Darius Bazley,Giannis Antetokounmpo,Ricky Rubio,D.J. Wilson,Kevin Durant
Luka Doncic,Will Barton,Kevin Durant,D.J. Wilson,Jakob Poeltl,Ricky Rubio,John Collins,Collin Sexton
James Harden,Collin Sexton,LeBron James,D.J. Wilson,Nikola Jokic,Ricky Rubio,Stanley Johnson,Cameron Oliver
James Harden,Collin Sexton,Lonnie Walker IV,D.J. Wilson,Precious Achiuwa,Trae Young,Giannis Antetokounmpo,Ricky Rubio
Ricky Rubio,Davion Mitchell,Bojan Bogdanovic,D.J. Wilson,Karl-Anthony Towns,Collin Sexton,Kevin Durant,Giannis Antetokounmpo
Russell Westbrook,Collin Sexton,Eric Gordon,D.J. Wilson,Montrezl Harrell,Ricky Rubio,Giannis Antetokounmpo,Anthony Davis
De'Aaron Fox,Collin Sexton,Kevin Durant,D.J. Wilson,Bobby Portis,Ricky Rubio,OG Anunoby,Anthony Davis
Trae Young,Collin Sexton,Kevin Durant,Darius Bazley,Joel Embiid,Ricky Rubio,D.J. Wilson,Greg Monroe
Brandon Goodwin,Collin Sexton,LeBron James,D.J. Wilson,Rudy Gobert,Ricky Rubio,Giannis Antetokounmpo,Richaun Holmes
James Harden,Will Barton,Harrison Barnes,D.J. Wilson,Rudy Gobert,Dejounte Murray,Onyeka Okongwu,Ricky Rubio
Dejounte Murray,Collin Sexton,LeBron James,D.J. Wilson,Nikola Jokic,Goran Dragic,Pat Connaughton,Ricky Rubio
Brandon Goodwin,Davion Mitchell,Kevin Durant,D.J. Wilson,Nikola Jokic,Ricky Rubio,Anthony Davis,Montrezl Harrell
Trae Young,Collin Sexton,Pat Connaughton,Kristaps Porzingis,Nikola Jokic,Ricky Rubio,D.J. Wilson,Montrezl Harrell
James Harden,Collin Sexton,De'Andre Hunter,D.J. Wilson,Nikola Jokic,Ricky Rubio,John Collins,Christian Wood
Luka Doncic,Anthony Edwards,,Darius Bazley,Montrezl Harrell,James Harden,D.J. Wilson,Ricky Rubio
Ricky Rubio,Davion Mitchell,Harrison Barnes,D.J. Wilson,Nikola Jokic,Collin Sexton,Anthony Davis,Karl-Anthony Towns
Trae Young,Anthony Edwards,,D.J. Wilson,Nikola Jokic,Ricky Rubio,Harrison Barnes,Greg Monroe
Luka Doncic,Will Barton,Devin Vassell,Tobias Harris,Nikola Jokic,Ricky Rubio,D.J. Wilson,Collin Sexton
Lonzo Ball,Collin Sexton,Kevin Durant,D.J. Wilson,Joel Embiid,Ricky Rubio,OG Anunoby,Montrezl Harrell
Dejounte Murray,Gary Trent Jr.,Harrison Barnes,D.J. Wilson,Nikola Jokic,Ricky Rubio,Onyeka Okongwu,Christian Wood
De'Aaron Fox,Will Barton,LeBron James,Darius Bazley,Giannis Antetokounmpo,Ricky Rubio,D.J. Wilson,Collin Sexton
Monte Morris,Collin Sexton,LeBron James,D.J. Wilson,Nikola Jokic,Ricky Rubio,OG Anunoby,Richaun Holmes
Dejounte Murray,Anthony Edwards,,D.J. Wilson,Onyeka Okongwu,Ricky Rubio,Kevin Durant,OG Anunoby
Ricky Rubio,Collin Sexton,LeBron James,D.J. Wilson,Bobby Portis,,OG Anunoby,Pat Connaughton
James Harden,Collin Sexton,OG Anunoby,D.J. Wilson,Jakob Poeltl,Dejounte Murray,John Collins,Ricky Rubio
De'Aaron Fox,Brandon Knight,Tim Hardaway Jr.,D.J. Wilson,Nikola Jokic,Ricky Rubio,Giannis Antetokounmpo,Montrezl Harrell
Luka Doncic,Collin Sexton,Harrison Barnes,Kristaps Porzingis,Nikola Jokic,Ricky Rubio,D.J. Wilson,Cameron Oliver
Luka Doncic,Collin Sexton,Tim Hardaway Jr.,D.J. Wilson,Anthony Davis,Monte Morris,Kevin Durant,Ricky Rubio
Mike Conley,Collin Sexton,Kevin Durant,Keldon Johnson,Nikola Jokic,Ricky Rubio,D.J. Wilson,Bobby Portis
Dejounte Murray,Bojan Bogdanovic,,D.J. Wilson,Christian Wood,Ricky Rubio,Aaron Gordon,Montrezl Harrell
